manuscript_reference,group,title,authors,year,venue,url,doi,arxiv,bibtex_key
8,contextual reference outside the 64-source set,Basic concepts and taxonomy of dependable and secure computing,"A. Avizienis, J.-C. Laprie, B. Randell, and C. Landwehr",2004,IEEE Transactions on Dependable and Secure Computing,https://doi.org/10.1109/tdsc.2004.2,https://doi.org/10.1109/tdsc.2004.2,,avizienis2004taxonomy
10,background record,The Ethics of Artificial Intelligence,Nick Bostrom and Eliezer Yudkowsky,2018,Artificial Intelligence Safety and Security,https://doi.org/10.1201/9781351251389-4,https://doi.org/10.1201/9781351251389-4,,bostrom2018ethics
43,contextual reference outside the 64-source set,Ethics Guidelines for Trustworthy AI,High-Level Expert Group on Artificial Intelligence,2019,European Commission,https://digital-strategy.ec.europa.eu/en/library/ethics-guidelines-trustworthy-ai,,,euHLEG2019
54,contextual reference outside the 64-source set,Safety Aspects–Guidelines for Their Inclusion in Standards,International Organization for Standardization and International Electrotechnical Commission,2014,ISO/IEC,https://www.iso.org/standard/53940.html,,,isoIECGuide51
55,contextual reference outside the 64-source set,Information Technology–Artificial Intelligence–Overview of Trustworthiness in Artificial Intelligence,International Organization for Standardization and International Electrotechnical Commission,2020,ISO/IEC,https://www.iso.org/standard/77608.html,,,isoIEC24028
56,contextual reference outside the 64-source set,Trustworthiness–Vocabulary,International Organization for Standardization and International Electrotechnical Commission,2022,ISO/IEC,https://www.iso.org/standard/81608.html,,,isoIEC5723
75,contextual reference outside the 64-source set,"Safety in Embodied AI: A Survey of Risks, Attacks, and Defenses","Xiao Li, Xiang Zheng, Yifeng Gao, and others",2026,arXiv preprint arXiv:2605.02900,https://doi.org/10.48550/arXiv.2605.02900,https://doi.org/10.48550/arXiv.2605.02900,2605.02900,li2026safetyembodiedsurvey
101,background record,NVIDIA Isaac Sim,NVIDIA Corporation,n.d.,NVIDIA Developer,https://developer.nvidia.com/isaac/sim/,,,isaacsim
108,background record,Discovering Language Model Behaviors with Model-Written Evaluations,"Ethan Perez, Sam Ringer, Kamile Lukosiute, Karina Nguyen, Edwin Chen, Scott Heiner, Craig Pettit, Catherine Olsson, Sandipan Kundu, Saurav Kadavath, Andy Jones, Anna Chen, Benjamin Mann, Brian Israel, Bryan Seethor, Cameron McKinnon, Christopher Olah, Da Yan, Daniela Amodei, Dario Amodei, Dawn Drain, Dustin Li, Eli Tran-Johnson, Guro Khundadze, Jackson Kernion, James Landis, Jamie Kerr, Jared Mueller, Jeeyoon Hyun, Joshua Landau, Kamal Ndousse, Landon Goldberg, Liane Lovitt, Martin Lucas, Michael Sellitto, Miranda Zhang, Neerav Kingsland, Nelson Elhage, Nicholas Joseph, Noemi Mercado, Nova DasSarma, Oliver Rausch, Robin Larson, Sam McCandlish, Scott Johnston, Shauna Kravec, Sheer El Showk, Tamera Lanham, Timothy Telleen-Lawton, Tom Brown, Tom Henighan, Tristan Hume, Yuntao Bai, Zac Hatfield-Dodds, Jack Clark, Samuel R. Bowman, Amanda Askell, Roger Grosse, Danny Hernandez, Deep Ganguli, Evan Hubinger, Nicholas Schiefer, and Jared Kaplan",2023,Findings of the Association for Computational Linguistics: ACL 2023,https://doi.org/10.18653/v1/2023.findings-acl.847,https://doi.org/10.18653/v1/2023.findings-acl.847,,perez2023discovering
109,background record,π0.5: a Vision-Language-Action Model with Open-World Generalization,"Physical Intelligence, Kevin Black, Noah Brown, James Darpinian, Karan Dhabalia, Danny Driess, Adnan Esmail, Michael Equi, Chelsea Finn, Niccolo Fusai, Manuel Y. Galliker, Dibya Ghosh, Lachy Groom, Karol Hausman, Brian Ichter, Szymon Jakubczak, Tim Jones, Liyiming Ke, Devin LeBlanc, Sergey Levine, Adrian Li-Bell, Mohith Mothukuri, Suraj Nair, Karl Pertsch, Allen Z. Ren, Lucy Xiaoyang Shi, Laura Smith, Jost Tobias Springenberg, Kyle Stachowicz, James Tanner, Quan Vuong, Homer Walke, Anna Walling, Haohuan Wang, Lili Yu, and Ury Zhilinsky",2025,arXiv preprint arXiv:2504.16054,https://arxiv.org/abs/2504.16054,,2504.16054,intelligence2025pi05visionlanguageactionmodelopenworld
120,background record,AirSim: High-Fidelity Visual and Physical Simulation for Autonomous Vehicles,"Shital Shah, Debadeepta Dey, Chris Lovett, and Ashish Kapoor",2018,Field and Service Robotics: Results of the 11th International Conference,https://doi.org/10.1007/978-3-319-67361-5_40,https://doi.org/10.1007/978-3-319-67361-5_40,,shahAirSimHighFidelityVisual2017
129,background record,Improving Grounded Natural Language Understanding through Human-Robot Dialog,"Jesse Thomason, Aishwarya Padmakumar, Jivko Sinapov, Nick Walker, Yuqian Jiang, Harel Yedidsion, Justin Hart, Peter Stone, and Raymond J. Mooney",2019,2019 International Conference on Robotics and Automation (ICRA),https://doi.org/10.1109/icra.2019.8794287,https://doi.org/10.1109/icra.2019.8794287,,thomason2019improving
131,contextual reference outside the 64-source set,Domain randomization for transferring deep neural networks from simulation to the real world,"Josh Tobin, Rachel Fong, Alex Ray, Jonas Schneider, Wojciech Zaremba, and Pieter Abbeel",2017,2017 IEEE/RSJ International Conference on Intelligent Robots and Systems (IROS),https://doi.org/10.1109/iros.2017.8202133,https://doi.org/10.1109/iros.2017.8202133,,tobin2017domainrandomizationtransferringdeep
147,contextual reference outside the 64-source set,A Comparative Survey of Security Risks in AI Systems: From LLMs to AI Agents and Embodied Agents,"Baiqi Wu, Qingming Li, Chunyi Zhou, Ting Wang, and Shouling Ji",2026,ACM Computing Surveys,https://doi.org/10.1145/3837083,https://doi.org/10.1145/3837083,,wu2026comparativesecurity
183,background record,RT-2: Vision-Language-Action Models Transfer Web Knowledge to Robotic Control,"Brianna Zitkovich, Tianhe Yu, Sichun Xu, Peng Xu, Ted Xiao, Fei Xia, Jialin Wu, Paul Wohlhart, Stefan Welker, Ayzaan Wahid, Quan Vuong, Vincent Vanhoucke, Huong Tran, Radu Soricut, Anikait Singh, Jaspiar Singh, Pierre Sermanet, Pannag R. Sanketi, Grecia Salazar, Michael S. Ryoo, Krista Reymann, Kanishka Rao, Karl Pertsch, Igor Mordatch, Henryk Michalewski, Yao Lu, Sergey Levine, Lisa Lee, Tsang-Wei Edward Lee, Isabel Leal, Yuheng Kuang, Dmitry Kalashnikov, Ryan Julian, Nikhil J. Joshi, Alex Irpan, Brian Ichter, Jasmine Hsu, Alexander Herzog, Karol Hausman, Keerthana Gopalakrishnan, Chuyuan Fu, Pete Florence, Chelsea Finn, Kumar Avinava Dubey, Danny Driess, Tianli Ding, Krzysztof Marcin Choromanski, Xi Chen, Yevgen Chebotar, Justice Carbajal, Noah Brown, Anthony Brohan, Montserrat Gonzalez Arenas, and Kehang Han",2023,Proceedings of The 7th Conference on Robot Learning,https://proceedings.mlr.press/v229/zitkovich23a.html,,,zitkovich2023rt
